ID Station;Latitude;Longitude;Time;Elevation;positionning tool;General place;Mission;Outcrop type*;Direction of observation;Geologists;Comment
A01;44.276605;4.075115;;344.755859;GPS-PHL;;Stage 2009;;;;
A02;44.276728;4.073604;;332.018555;GPS-PHL;;Stage 2009;;;;
A03;44.276531;4.073144;;317.358643;GPS-PHL;;Stage 2009;;;;
A04;44.235815;4.055055;;386.092285;GPS-PHL;;Stage 2009;;;;
A05;44.235143;4.054777;;401.953979;GPS-PHL;;Stage 2009;;;;
A06;44.23545;4.054678;;395.464966;GPS-PHL;;Stage 2009;;;;
A07;44.246152;4.09606;;254.633057;GPS-PHL;;Stage 2009;;;;
A08;44.246477;4.129539;;333.700806;GPS-PHL;;Stage 2009;;;;
A09;44.267909;4.136977;;189.50415;GPS-PHL;;Stage 2009;;;;
A1;44.27661502;4.07509801;;;GPS-PHL;;Stage 2016;;;;
A10;44.267429;4.136292;;177.247437;GPS-PHL;;Stage 2009;;;;
A100;44.22074;4.052485;;;GPS-PHL;;Stage 2010;;;;
A101;44.22447;4.057716;;;GPS-PHL;;Stage 2010;;;;
A102;44.224719;4.057765;;;GPS-PHL;;Stage 2010;;;;
A103;44.226974;4.057439;;;GPS-PHL;;Stage 2010;;;;
A104;44.228844;4.056459;;;GPS-PHL;;Stage 2010;;;;
A105;44.261354;4.12346;;;GPS-PHL;;Stage 2010;;;;
A106;44.221662;4.021314;;;GPS-PHL;;Stage 2010;;;;
A107;44.224116;4.023285;;;GPS-PHL;;Stage 2010;;;;
A108;44.221674;4.019734;;;GPS-PHL;;Stage 2010;;;;
A109;44.26534;4.044885;;;GPS-PHL;;Stage 2010;;;;
A11;44.267118;4.135932;;191.667114;GPS-PHL;;Stage 2009;;;;
A110;44.266635;4.049816;;;GPS-PHL;;Stage 2010;;;;
A111;44.266078;4.046335;;;GPS-PHL;;Stage 2010;;;;
A112;44.266282;4.047087;;;GPS-PHL;;Stage 2010;;;;
A113;44.235148;4.040006;;;GPS-PHL;;Stage 2010;;;;
A114;44.234753;4.03954;;;GPS-PHL;;Stage 2010;;;;
A115;44.23990463;4.09958859;;289.9611816;GPS-PHL;;Stage 2011;;;;
A116;44.23924045;4.099545423;;293.3256836;GPS-PHL;;Stage 2011;;;;
A117;44.23957732;4.100680249;;262.8040771;GPS-PHL;;Stage 2011;;;;
A118;44.2444151;4.094938645;;301.2565918;GPS-PHL;;Stage 2011;;;;
A119;44.24449121;4.094420476;;313.2729492;GPS-PHL;;Stage 2011;;;;
A12;44.230077;4.148631;;;positionement QGIS;;Stage 2009;;;;
A120;44.24439414;4.094472779;;301.7373047;GPS-PHL;;Stage 2011;;;;
A121;44.24434821;4.095537616;;297.1708984;GPS-PHL;;Stage 2011;;;;
A122;44.24231987;4.095869623;;287.317627;GPS-PHL;;Stage 2011;;;;
A123;44.231196;4.090481233;;393.302002;GPS-PHL;;Stage 2011;;;;
A124;44.23134503;4.090043362;;400.9925537;GPS-PHL;;Stage 2011;;;;
A125;44.22352538;4.114278378;;316.6375732;GPS-PHL;;Stage 2011;;;;
A126;44.25198454;4.14362208;;332.0185547;GPS-PHL;;Stage 2011;;;;
A127;44.25192101;4.145875052;;359.4158936;GPS-PHL;;Stage 2011;;;;
A128;44.22918778;4.151561251;;209.451416;GPS-PHL;;Stage 2011;;;;
A129;44.24183104;4.132956527;;301.2565918;GPS-PHL;;Stage 2011;;;;
A13;44.215382;4.153322;;203.202759;GPS-PHL;;Stage 2009;;;;
A130;44.24418116;4.090066412;;338.2670898;GPS-PHL;;Stage 2011;;;;
A131;44.24380423;4.090319378;;342.833252;GPS-PHL;;Stage 2011;;;;
A132;44.24391252;4.09157943;;293.3256836;GPS-PHL;;Stage 2011;;;;
A135;44.24407471;4.096383099;;243.09729;GPS-PHL;;Stage 2011;;;;
A136;44.24379727;4.096178664;;265.6879883;GPS-PHL;;Stage 2011;;;;
A137;44.24368981;4.095954951;;277.9447021;GPS-PHL;;Stage 2011;;;;
A138;44.24001602;4.100305075;;275.5415039;GPS-PHL;;Stage 2011;;;;
A139;44.23999432;4.099929146;;290.4418945;GPS-PHL;;Stage 2011;;;;
A14;;;;;;;Stage 2020;;;;
A140;44.268771;4.021222;;;positionement QGIS;;Stage 2011;;;;
A141;44.27562;4.02028;;;positionement QGIS;;Stage 2011;;;;
A146;44.267667;4.084113;41363.68333;;GPS-PHL;;Stage 2013;;;;
A147;44.235085;4.054823;;;positionement googleEarth;;Stage 2013;;;;
A148;44.22602;4.03993;;;GPS-PHL;;Stage 2006;;;;
A149;44.225609;4.039181;41362.48611;;positionement QGIS;;Stage 2013;;;;
A15;44.220044;4.174298;;181.092651;GPS-PHL;;Stage 2009;;;;
A150;44.276591;4.075056;41359.44792;;Google Earth;;Stage 2013;;;;
A151;44.235856;4.055099;41359.51944;;Google Earth;;Stage 2013;;;;
A152;44.224332;4.058088;41359.62847;;Google Earth;;Stage 2013;;;;
A154;44.220693;4.052452;;;Google Earth;;Stage 2013;;;;
A157;44.24411804;4.096376728;41360.51736;;GPS-PHL;;Stage 2013;;;;
A158;44.23997361;4.095786642;;;GPS-PHL;;Stage 2013;;;;
A159;44.23792901;4.090662617;;;GPS-PHL;;Stage 2013;;;;
A16;44.256109;4.077072;;270.254272;GPS-PHL;;Stage 2009;;;;
A160;44.23770547;4.091111552;;;GPS-PHL;;Stage 2013;;;;
A161;44.23755644;4.092727415;;;GPS-PHL;;Stage 2013;;;;
A162;44.23798123;4.093253044;;;GPS-PHL;;Stage 2013;;;;
A163;44.237762;4.093837;;;positionement QGIS;;Stage 2013;;;;
A164;44.23688304;4.097155072;;;GPS-PHL;;Stage 2013;;;;
A165;44.23508118;4.097965099;;;GPS-PHL;;Stage 2013;;;;
A166;44.23140773;4.090005727;;;GPS-PHL;;Stage 2013;;;;
A167;44.23019017;4.087404571;41360.69653;;GPS-PHL;;Stage 2013;;;;
A168;44.25923942;4.039172418;41362.45486;;GPS-PHL;;Stage 2013;;;;
A169;44.22857498;4.052896528;;;GPS-PHL;;Stage 2013;;;;
A17;44.252459;4.089331;;264.967041;GPS-PHL;;Stage 2009;;;;
A170;44.23158861;4.131799405;;;GPS-PHL;;Stage 2013;;;;
A171;44.22996671;4.131345358;;;GPS-PHL;;Stage 2013;;;;
A172;44.22658612;4.137059469;;;GPS-PHL;;Stage 2013;;;;
A174;44.22687924;4.124018652;;;GPS-PHL;;Stage 2013;;;;
A175;44.22842285;4.121658057;;;GPS-PHL;;Stage 2013;;;;
A177;44.23071588;4.124501115;;;GPS-PHL;;Stage 2013;;;;
A178;44.2297352;4.123598887;;;GPS-PHL;;Stage 2013;;;;
A179;44.23150353;4.117200058;;;GPS-PHL;;Stage 2013;;;;
A18;44.252784;4.089118;;264.967041;GPS-PHL;;Stage 2009;;;;
A180;44.22875687;4.056468895;;;GPS-PHL;;Stage 2013;;;;
A181;44.23434441;4.141701199;;;GPS-PHL;;Stage 2013;;;;
A182;44.23556364;4.140536534;;;GPS-PHL;;Stage 2013;;;;
A183;44.23585483;4.140240988;;;GPS-PHL;;Stage 2013;;;;
A184;44.24840975;4.138066219;;;GPS-PHL;;Stage 2013;;;;
A185;44.24824739;4.137936635;;;GPS-PHL;;Stage 2013;;;;
A186;44.23695998;4.138269983;;;GPS-PHL;;Stage 2013;;;;
A187;44.2766;4.07342;;;positionement QGIS;;Stage 2010;;;;
A188;44.23535;4.05511;;;GPS-PHL;;Stage 2015;;;;
A189;44.22422;4.05801;;;GPS-PHL;;Stage 2015;;;;
A19;44.254043;4.086229;;267.610596;GPS-PHL;;Stage 2009;;;;
A190;44.22362;4.05768;;;GPS-PHL;;Stage 2015;;;;
A191;44.22118;4.05307;;;GPS-PHL;;Stage 2015;;;;
A192;44.21892;4.05266;;;GPS-PHL;;Stage 2015;;;;
A193;44.21866;4.053;;;GPS-PHL;;Stage 2015;;;;
A194;44.2184;4.05314;;;GPS-PHL;;Stage 2015;;;;
A195;44.22886;4.15574;;;GPS-PHL;;Stage 2006;;;;
A196;44.267722;4.083322;42089.50002;455;GPS-PHL;;Stage 2015;;;;
A197;44.243694;4.090693;42089.52039;293;GPS-PHL;;Stage 2015;;;;
A198;44.244248;4.090071;42089.54472;309;GPS-PHL;;Stage 2015;;;;
A1b;44.275354;4.079614;43900.50208;;positionement QGIS;;Stage 2020;;;;
A20;44.256596;4.080164;;253.19104;GPS-PHL;;Stage 2009;;;;
A200;44.25063003;4.061746979;;;GPS-PHL;;Stage 2016;;;;
A201;44.24984397;4.060747018;;;GPS-PHL;;Stage 2016;;;;
A202;44.24670001;4.055799516;;;GPS-PHL;;Stage 2016;;;;
A204;44.24643296;4.058375023;;;GPS-PHL;;Stage 2016;;;;
A205;44.245735;4.058838375;;;GPS-PHL;;Stage 2016;;;;
A206;44.244312;4.058885984;;;GPS-PHL;;Stage 2016;;;;
A207;44.24367498;4.059151607;;;GPS-PHL;;Stage 2016;;;;
A208;44.24357599;4.059328968;;;GPS-PHL;;Stage 2016;;;;
A21;44.256684;4.081957;;257.997559;GPS-PHL;;Stage 2009;;;;
A210;44.242687;4.058159441;;;GPS-PHL;;Stage 2016;;;;
A211;44.24344598;4.058120297;42446.52569;;GPS-PHL;;Stage 2016;;;;
A212;44.24413003;4.058154579;;;GPS-PHL;;Stage 2016;;;;
A213;44.24437;4.058029689;;;GPS-PHL;;Stage 2016;;;;
A214;44.244686;4.057219997;;;GPS-PHL;;Stage 2016;;;;
A215;44.245663;4.057518477;;;GPS-PHL;;Stage 2016;;;;
A216;44.24748003;4.053845024;;;GPS-PHL;;Stage 2016;;;;
A217;44.24758497;4.053712003;;;GPS-PHL;;Stage 2016;;;;
A218;44.24809601;4.052588493;;;GPS-PHL;;Stage 2016;;;;
A22;44.25544;4.084934;;247.663452;GPS-PHL;;Stage 2009;;;;
A223;44.241104;4.050311632;42446.73889;;GPS-PHL;;Stage 2016;;;;
A224;44.23977697;4.048218336;42446.67083;;GPS-PHL;;Stage 2016;;;;
A225;44.24048;4.04815;42446.68819;;GPS-PHL;;Stage 2016;;;;
A226;44.24111003;4.049142441;;;GPS-PHL;;Stage 2016;;;;
A227;44.23573698;4.055171041;;;GPS-PHL;;Stage 2016;;;;
A228;44.23469;4.050348764;42446.72778;;GPS-PHL;;Stage 2016;;;;
A229;44.23512602;4.051835462;;;GPS-PHL;;Stage 2016;;;;
A23;44.254904;4.08585;;252.710449;GPS-PHL;;Stage 2009;;;;
A230;44.236546;4.053138681;42446.72986;;GPS-PHL;;Stage 2016;;;;
A231;44.23695998;4.053655593;;;GPS-PHL;;Stage 2016;;;;
A232;44.23704003;4.053683337;;;GPS-PHL;;Stage 2016;;;;
A233;44.26003603;4.131242763;;;GPS-PHL;;Stage 2016;;;;
A234;44.25628697;4.132021358;42447.44306;;GPS-PHL;;Stage 2016;;;;
A235;44.25494403;4.13427542;;;GPS-PHL;;Stage 2016;;;;
A236;44.2555;4.13764;;;GPS-PHL;;Stage 2016;;;;
A237;44.25517;4.138029004;42447.52569;;GPS-PHL;;Stage 2016;;;;
A238;44.25522;4.137309;42447.53611;;GPS-PHL;;Stage 2016;;;;
A239;44.255745;4.136718828;;;GPS-PHL;;Stage 2016;;;;
A24;44.223719;4.113977;;312.792236;GPS-PHL;;Stage 2009;;;;
A240;44.24708004;4.131042017;;;GPS-PHL;;Stage 2016;;;;
A241;44.23739;4.13841;;;GPS-PHL;;Stage 2016;;;;
A242;44.23524999;4.139476977;;;GPS-PHL;;Stage 2016;;;;
A243;44.23446704;4.141732967;42447.79236;;GPS-PHL;;Stage 2016;;;;
A244;44.23551603;4.140744992;;;GPS-PHL;;Stage 2016;;;;
A245;44.23333699;4.143392583;42447.80486;;GPS-PHL;;Stage 2016;;;;
A246;44.23006402;4.148363639;42447.80903;;GPS-PHL;;Stage 2016;;;;
A247;44.22766504;4.115847638;42448.47222;;GPS-PHL;;Stage 2016;;;;
A248;44.229485;4.117585961;;;GPS-PHL;;Stage 2016;;;;
A249;44.22795002;4.116521962;;;GPS-PHL;;Stage 2016;;;;
A25;44.225273;4.111803;;306.543823;GPS-PHL;;Stage 2009;;;;
A250;44.22624598;4.117123615;;;GPS-PHL;;Stage 2016;;;;
A251;44.228867;4.112817328;;;GPS-PHL;;Stage 2016;;;;
A252;44.22872501;4.111759029;42448.60417;;GPS-PHL;;Stage 2016;;;;
A253;44.22883197;4.112538295;;;GPS-PHL;;Stage 2016;;;;
A254;44.22808003;4.111836981;;;GPS-PHL;;Stage 2016;;;;
A255;44.22780996;4.111427274;42448.62986;;GPS-PHL;;Stage 2016;;;;
A256;44.22769496;4.109794563;;;GPS-PHL;;Stage 2016;;;;
A257;44.23093004;4.105372019;42448.66042;;GPS-PHL;;Stage 2016;;;;
A258;44.23531001;4.10131258;;;GPS-PHL;;Stage 2016;;;;
A259;44.23567001;4.09874252;;;GPS-PHL;;Stage 2016;;;;
A26;44.225329;4.107988;;315.676147;GPS-PHL;;Stage 2009;;;;
A260;44.231987;4.09541457;;;GPS-PHL;;Stage 2016;;;;
A261;44.23094999;4.091767268;;;GPS-PHL;;Stage 2016;;;;
A262;44.23130396;4.0907316;;;GPS-PHL;;Stage 2016;;;;
A263;44.23082703;4.090688685;;;GPS-PHL;;Stage 2016;;;;
A264;44.23074698;4.09111172;42447.73264;;GPS-PHL;;Stage 2016;;;;
A265;44.22953404;4.090409316;;;GPS-PHL;;Stage 2016;;;;
A266;44.22998004;4.089567019;;;GPS-PHL;;Stage 2016;;;;
A267;44.26807;4.049351988;;;GPS-PHL;;Stage 2016;;;;
A268;44.268314;4.049269678;42449.52222;;GPS-PHL;;Stage 2016;;;;
A269;44.26658599;4.049548628;42449.55208;;GPS-PHL;;Stage 2016;;;;
A27;44.227395;4.103937;;335.623413;GPS-PHL;;Stage 2009;;;;
A270;44.26638398;4.048840022;;;GPS-PHL;;Stage 2016;;;;
A271;44.26925001;4.049101369;;;GPS-PHL;;Stage 2016;;;;
A272;44.25931997;4.062150484;42449.63819;;GPS-PHL;;Stage 2016;;;;
A272b;44.258883;4.061355;42449.69375;;GPS-PHL;;Stage 2016;;;;
A274;44.20327001;4.062904436;42450.45556;;GPS-PHL;;Stage 2016;;;;
A275;44.21042598;4.042806979;;;GPS-PHL;;Stage 2016;;;;
A276;44.23725503;3.987013595;42450.73056;;GPS-PHL;;Stage 2016;;;;
A277;44.24480997;3.984913761;;;GPS-PHL;;Stage 2016;;;;
A278;44.24433002;3.984803036;42450.61736;;GPS-PHL;;Stage 2016;;;;
A279;44.24335;3.98067;42450.75903;;GPS-PHL;;Stage 2016;;;;
A28;44.229488;4.090445;;350.283447;GPS-PHL;;Stage 2009;;;;
A280;44.23508503;4.054823359;42451.45625;;GPS-PHL;;Stage 2016;;;;
A281;44.22820299;4.057652503;42451.46667;;GPS-PHL;;Stage 2016;;;;
A282;44.228752;4.056520024;;;GPS-PHL;;Stage 2016;;;;
A284;44.22730604;4.050876992;;;GPS-PHL;;Stage 2016;;;;
A285;44.23153002;4.040533472;;;GPS-PHL;;Stage 2016;;;;
A286;44.23502703;4.039963;;;GPS-PHL;;Stage 2016;;;;
A287;44.23541;4.040315961;;;GPS-PHL;;Stage 2016;;;;
A287b;44.23576;4.04056;42451.56875;;GPS-PHL;;Stage 2016;;;;
A288;44.23819397;4.04416468;42451.61181;;GPS-PHL;;Stage 2016;;;;
A289;44.240932;4.045541994;;;GPS-PHL;;Stage 2016;;;;
A29;44.285442;4.034846;;563.454102;GPS-PHL;;Stage 2009;;;;
A290;44.24146702;4.045720613;;;GPS-PHL;;Stage 2016;;;;
A290b;44.241446;4.045835;;;GPS-PHL;;Stage 2016;;;;
A291;44.24198502;4.042193424;42451.65347;;GPS-PHL;;Stage 2016;;;;
A292;44.25022996;4.046877399;;;GPS-PHL;;Stage 2016;;;;
A293;44.25073598;4.045744417;;;GPS-PHL;;Stage 2016;;;;
A294;44.24716998;4.047233965;42451.7375;;GPS-PHL;;Stage 2016;;;;
A295;44.25043004;4.049130036;;;GPS-PHL;;Stage 2016;;;;
A295b;44.25016;4.04875;;;GPS-PHL;;Stage 2016;;;;
A296;44.237682;4.123144001;42451.47847;;GPS-PHL;;Stage 2016;;;;
A297;44.23464599;4.112325981;42451.52917;;GPS-PHL;;Stage 2016;;;;
A298;44.26589599;4.052326977;42451.74792;;GPS-PHL;;Stage 2016;;;;
A299;44.23750003;4.080047607;;;GPS-PHL;;Stage 2016;;;;
A299b;44.239529;4.078859;42451.80486;;GPS-PHL;;Stage 2016;;;;
A30;44.285868;4.035931;;;positionement QGIS;;Stage 2009;;;;
A300;44.224306;4.166724;42810.4625;;GPS-GroupeG(G1);;Stage 2017;;;;
A301;44.22223298;4.172781464;;;GPS-PHL;;Stage 2006;;;;
A302;44.22060002;4.159610979;;204.5;GPS-PHL;;Stage 2017;;;;
A303;44.20390704;4.139188975;42810.55972;258.9;GPS-PHL;;Stage 2017;;;;
A304;44.21545403;4.153411388;42810.59653;207.5;GPS-PHL;;Stage 2017;;;;
A305;44.228004;4.157637963;;196.1;GPS-PHL;;Stage 2017;;;;
A306;44.23645397;4.13449863;;224.8;GPS-PHL;;Stage 2017;;;;
A307;44.27109998;4.16754202;42811.425;;GPS-PHL;;Stage 2017;;;;
A308;44.271032;4.16708;;;GPS-PHL;;Stage 2017;;;;
A309;44.27039699;4.16708;;;GPS-PHL;;Stage 2017;;;;
A31;44.279933;4.034112;;559.128174;GPS-PHL;;Stage 2009;;;;
A310;44.27486999;4.16422748;;;GPS-PHL;;Stage 2017;;;;
A311;44.26686502;4.153675586;;;GPS-PHL;;Stage 2017;;;;
A312;44.26751998;4.154458959;;;GPS-PHL;;Stage 2017;;;;
A313;44.26426303;4.151483467;;;GPS-PHL;;Stage 2017;;;;
A314;44.25986999;4.164248519;;;GPS-PHL;;Stage 2017;;;;
A316;44.26557999;4.168696962;;;GPS-PHL;;Stage 2017;;;;
A317;44.265681;4.168942;42811.65556;;positionement QGIS;;Stage 2017;;;;
A318;44.26587998;4.16866201;42811.66111;;GPS-PHL;;Stage 2017;;;;
A319;44.26722997;4.169750987;;;GPS-PHL;;Stage 2017;;;;
A32;44.284746;3.99368;;447.616211;GPS-PHL;;Stage 2009;;;;
A321;44.26735704;4.17163658;;;GPS-PHL;;Stage 2017;;;;
A322;44.26675396;4.172400003;;;GPS-PHL;;Stage 2017;;;;
A323;44.265653;4.172686;42811.7125;;positionement QGIS;;Stage 2017;;;;
A324;44.26564998;4.173454028;;;GPS-PHL;;Stage 2017;;;;
A325;44.266632;4.174526995;;;GPS-PHL;;Stage 2017;;;;
A326;44.26939803;4.172668476;;;GPS-PHL;;Stage 2017;;;;
A328;44.26798199;4.16950372;;;GPS-PHL;;Stage 2017;;;;
A329;44.23932301;4.095410965;;;GPS-PHL;;Stage 2017;;;;
A33;44.278863;3.960027;;588.207764;GPS-PHL;;Stage 2009;;;;
A330;44.23830402;4.094834961;;;GPS-PHL;;Stage 2017;;;;
A331;44.23771;4.094871003;;;GPS-PHL;;Stage 2017;;;;
A332;44.23801401;4.093891578;;;GPS-PHL;;Stage 2017;;;;
A333;44.23791996;4.093021033;;;GPS-PHL;;Stage 2017;;;;
A334;44.23724396;4.092576038;;;GPS-PHL;;Stage 2017;;;;
A335;44.23652002;4.097433016;43177.55764;;GPS-PHL;;Stage 2017;;;;
A335b;44.23567;4.09865;;;GPS-GroupeF(FA62);;Stage 2017;;;;
A336;44.23335602;4.100825004;;;GPS-PHL;;Stage 2017;;;;
A336b;44.23093004;4.105372019;43177.63403;;GPS-PHL;;Stage 2017;;;;
A337;44.22899198;4.10763002;;;GPS-PHL;;Stage 2017;;;;
A338;44.22825202;4.110235702;;;GPS-PHL;;Stage 2017;;;;
A339;44.22678997;4.11726946;;;GPS-PHL;;Stage 2017;;;;
A34;44.283531;3.967453;;509.380493;GPS-PHL;;Stage 2009;;;;
A340;44.22464403;4.116337979;;;GPS-PHL;;Stage 2017;;;;
A341;44.22359504;4.114102442;;;GPS-PHL;;Stage 2017;;;;
A342;44.22522398;4.112037979;;;GPS-PHL;;Stage 2017;;;;
A343;44.225185;4.11150841;;;GPS-PHL;;Stage 2017;;;;
A344;44.22519296;4.10843703;;;GPS-PHL;;Stage 2017;;;;
A345;44.225315;4.106960306;;;GPS-PHL;;Stage 2017;;;;
A346;44.22811003;4.101012675;;;GPS-PHL;;Stage 2017;;;;
A347;44.22968298;4.096840415;;;GPS-PHL;;Stage 2017;;;;
A348;44.20594996;4.11910099;;;GPS-PHL;;Stage 2017;;;;
A349;44.21943703;4.061372811;;;GPS-PHL;;Stage 2017;;;;
A35;44.259021;3.978332;;341.631592;GPS-PHL;;Stage 2009;;;;
A350;44.22007397;4.06151304;;;GPS-PHL;;Stage 2017;;;;
A351;44.22206501;4.061355041;;;GPS-PHL;;Stage 2017;;;;
A352;44.224236;4.06073302;;;GPS-PHL;;Stage 2017;;;;
A353;44.22437296;4.063505586;43178.55208;;GPS-PHL;;Stage 2017;;;;
A356;44.24090199;4.10161919;;;GPS-PHL;;Stage 2017;;;;
A357;44.27046203;4.125577435;;;GPS-PHL;;Stage 2017;;;;
A358;44.26994998;4.127563024;;;GPS-PHL;;Stage 2017;;;;
A359;44.26974001;4.130064016;;;GPS-PHL;;Stage 2017;;;;
A36;44.263774;3.973008;;348.601196;GPS-PHL;;Stage 2009;;;;
A360;44.26635004;4.122493314;;;GPS-PHL;;Stage 2017;;;;
A362;44.2684;4.122008337;;;GPS-PHL;;Stage 2017;;;;
A363;44.26739501;4.121744977;;;GPS-PHL;;Stage 2017;;;;
A364;44.26894398;4.123560414;;;GPS-PHL;;Stage 2017;;;;
A365;44.26886997;4.124219986;;;GPS-PHL;;Stage 2017;;;;
A367;44.2684;4.125987478;;;GPS-PHL;;Stage 2017;;;;
A368;44.26820001;4.12314266;;;GPS-PHL;;Stage 2017;;;;
A369;44.26413998;4.120662035;;;GPS-PHL;;Stage 2017;;;;
A37;44.272876;3.975738;;378.161377;GPS-PHL;;Stage 2009;;;;
A370;44.26203;4.119048603;;;GPS-PHL;;Stage 2017;;;;
A371;44.26049402;4.118285012;;;GPS-PHL;;Stage 2017;;;;
A372;44.26026503;4.118635962;;;GPS-PHL;;Stage 2017;;;;
A373;44.25797299;4.11838769;;;GPS-PHL;;Stage 2017;;;;
A374;44.25844003;4.118972998;;;GPS-PHL;;Stage 2017;;;;
A375;44.25662996;4.118999988;;;GPS-PHL;;Stage 2017;;;;
A376;44.25506598;4.118249975;;;GPS-PHL;;Stage 2017;;;;
A377;44.25519599;4.115561983;;;GPS-PHL;;Stage 2017;;;;
A378;44.25516497;4.115385041;;;GPS-PHL;;Stage 2017;;;;
A379;44.25454002;4.114588341;;;GPS-PHL;;Stage 2017;;;;
A38;44.274587;3.976505;;415.892944;GPS-PHL;;Stage 2009;;;;
A380;44.25333;4.113724;;;GPS-PHL;;Stage 2017;;;;
A381;44.25100998;4.10933733;;;GPS-PHL;;Stage 2017;;;;
A382;44.2531;4.108568;;;GPS-PHL;;Stage 2017;;;;
A383;44.255013;4.1098585;;;GPS-PHL;;Stage 2017;;;;
A384;44.258705;4.112895;;;GPS-PHL;;Stage 2017;;;;
A385;44.259804;4.115038;;;GPS-PHL;;Stage 2017;;;;
A386;44.260067;4.1150365;;;GPS-PHL;;Stage 2017;;;;
A387;44.26137;4.1171007;;;GPS-PHL;;Stage 2017;;;;
A388;44.262756;4.11847;;;GPS-PHL;;Stage 2017;;;;
A389;44.23369;4.1173515;;;GPS-PHL;;Stage 2017;;;;
A39;44.278394;3.971161;;488.712158;GPS-PHL;;Stage 2009;;;;
A391;44.23211;4.1152883;;;GPS-PHL;;Stage 2017;;;;
A392;44.231037;4.1157336;;;GPS-PHL;;Stage 2017;;;;
A393;44.229744;4.1236906;;;GPS-PHL;;Stage 2017;;;;
A394;44.229935;4.1244874;;;GPS-PHL;;Stage 2017;;;;
A395;44.230515;4.1247487;;;GPS-PHL;;Stage 2017;;;;
A396;44.231396;4.1239967;;;GPS-PHL;;Stage 2017;;;;
A397;44.23168;4.1258044;;;GPS-PHL;;Stage 2017;;;;
A398;44.23054;4.1277986;;;GPS-PHL;;Stage 2017;;;;
A399;44.230766;4.127443;;;GPS-PHL;;Stage 2017;;;;
A400;44.230453;4.1268697;;;GPS-PHL;;Stage 2017;;;;
A402;44.229618;4.126984;;;GPS-PHL;;Stage 2017;;;;
A403;44.23006;4.13139;;;GPS-PHL;;Stage 2017;;;;
A404;44.22974;4.1358643;;;GPS-PHL;;Stage 2017;;;;
A406;44.22626;4.1347866;;;GPS-PHL;;Stage 2017;;;;
A407;44.225624;4.130331;;;GPS-PHL;;Stage 2017;;;;
A408;44.22517;4.128728;;;GPS-PHL;;Stage 2017;;;;
A409;44.2264;4.130036;;;GPS-PHL;;Stage 2017;;;;
A41;44.281463;4.04818;;596.37915;GPS-PHL;;Stage 2009;;;;
A410;44.22825;4.133016;;;GPS-PHL;;Stage 2017;;;;
A411;44.22815;4.1341386;;;GPS-PHL;;Stage 2017;;;;
A412;44.22721;4.130365;;;GPS-PHL;;Stage 2017;;;;
A413;44.22649;4.130156;;;GPS-PHL;;Stage 2017;;;;
A414;44.226357;4.1301365;;;GPS-PHL;;Stage 2017;;;;
A415;44.226795;4.1300616;;;GPS-PHL;;Stage 2017;;;;
A416;44.227207;4.1291556;;;GPS-PHL;;Stage 2017;;;;
A42;44.27886;4.043859;;561.050781;GPS-PHL;;Stage 2009;;;;
A43;44.277337;4.042733;;559.368408;GPS-PHL;;Stage 2009;;;;
A44;44.285843;3.995393;;440.166016;GPS-PHL;;Stage 2009;;;;
A440;44.215068;4.183863;43173.44354;165.51;GPS_PHL;;Stage 2018;;;;
A441;44.227063;4.159894;43173.47277;207.45;GPS_PHL;;Stage 2018;;;;
A442;44.227006;4.158429;43173.48608;201.05;GPS_PHL;;Stage 2018;;;;
A443;44.227427;4.157965;43173.50712;202.31;GPS_PHL;;Stage 2018;;;;
A444;44.229433;4.15211;43173.54998;200.93;GPS_PHL;;Stage 2018;;;;
A445;44.23446;4.14342;;;GPS groupeG(19);;Stage 2018;;;;
A446;44.234511;4.141735;43173.61663;244.73;GPS_PHL;;Stage 2018;;;;
A447;44.234796;4.139822;;;GPS-PHL;;Stage 2006;;;;
A448;44.234896;4.13919;43173.63457;224.58;GPS_PHL;;Stage 2018;;;;
A449;44.256323;4.1537;43175.46929;216.81;GPS_PHL;;Stage 2018;;;;
A45;44.285558;3.993706;;441.367554;GPS-PHL;;Stage 2009;;;;
A450;44.25693;4.156064;43175.48976;196.98;GPS_PHL;;Stage 2018;;;;
A452;44.256377;4.157581;43175.50029;197.16;GPS_PHL;;Stage 2018;;;;
A453;44.25485;4.160066;43175.51957;255.85;GPS_PHL;;Stage 2018;;;;
A454;44.255047;4.160687;43175.52446;243.71;GPS_PHL;;Stage 2018;;;;
A455;44.255296;4.161255;43175.52652;245.54;GPS_PHL;;Stage 2018;;;;
A456;44.255725;4.161691;43175.53839;258.6;GPS_PHL;;Stage 2018;;;;
A457;44.254884;4.161175;43175.54568;275.44;GPS_PHL;;Stage 2018;;;;
A458;44.253509;4.159919;43175.55172;280.89;GPS_PHL;;Stage 2018;;;;
A459;44.252511;4.159404;43175.56027;296.98;GPS_PHL;;Stage 2018;;;;
A46;44.286144;3.99464;;452.182373;GPS-PHL;;Stage 2009;;;;
A460;44.25214003;4.157813983;43175.56964;303.328125;GPS groupeI(12);;Stage 2018;;;;
A461;44.25281804;4.155935012;43175.57513;307.922394;GPS_PHL;;Stage 2018;;;;
A462;44.25056004;4.151200997;43175.61881;381.814148;GPS_PHL;;Stage 2018;;;;
A463;44.24403104;4.096274972;43176.42116;263.168396;GPS_PHL;;Stage 2018;;;;
A464;44.24331103;4.095065966;43176.44394;271.87793;GPS_PHL;;Stage 2018;;;;
A466;44.23930801;4.095393028;43176.47729;334.539398;GPS_PHL;;Stage 2018;;;;
A467;44.23891196;4.095602995;43176.49631;368.296997;GPS_PHL;;Stage 2018;;;;
A468;44.23774;4.09397;;;positionement QGIS;;Stage 2018;;;;
A469;44.23714397;4.094837978;43176.51637;395.431091;GPS_PHL;;Stage 2018;;;;
A47;44.252427;4.134652;;268.812378;GPS-PHL;;Stage 2009;;;;
A470;44.23765199;4.095731992;43176.521;395.392029;GPS_PHL;;Stage 2018;;;;
A471;44.23770497;4.096779982;43176.52421;390.739502;GPS_PHL;;Stage 2018;;;;
A472;44.23505796;4.098072974;43176.55957;451.97937;GPS_PHL;;Stage 2018;;;;
A473;44.235254;4.101127;;;positionement QGIS;;Stage 2018;;;;
A474;44.23474104;4.088465972;43176.6163;460.636719;GPS_PHL;;Stage 2018;;;;
A475;44.23535099;4.089597026;43176.62942;461.389709;GPS_PHL;;Stage 2018;;;;
A476;44.23523901;4.089445984;43176.63313;474.244598;GPS_PHL;;Stage 2018;;;;
A477;44.23488798;4.09008502;43176.63874;448.003845;GPS_PHL;;Stage 2018;;;;
A478;44.23433703;4.092690032;43176.66418;476.85379;GPS_PHL;;Stage 2018;;;;
A479;44.23366799;4.091579011;43176.67789;466.54245;GPS_PHL;;Stage 2018;;;;
A48;44.252343;4.136169;;274.099487;GPS-PHL;;Stage 2009;;;;
A480;44.23376597;4.09198503;43176.70097;468.609467;GPS_PHL;;Stage 2018;;;;
A481;44.23610101;4.093046011;43176.71713;445.584656;GPS_PHL;;Stage 2018;;;;
A481b;44.26776599;4.082841966;43177.4551;445.371338;GPS_PHL;;Stage 2018;;;;
A482;44.26763196;4.083329039;43177.47847;452.328705;GPS_PHL;;Stage 2018;;;;
A483;44.26761696;4.083380001;43177.49293;455.293396;GPS_PHL;;Stage 2018;;;;
A484;44.26763398;4.084195979;43177.49157;492.540833;GPS_PHL;;Stage 2018;;;;
A485;44.26719904;4.08642699;43177.50369;487.511658;GPS_PHL;;Stage 2018;;;;
A486;44.26730901;4.088831004;43177.54444;506.871521;GPS_PHL;;Stage 2018;;;;
A487;44.26731102;4.089176003;43177.55762;504.725098;GPS_PHL;;Stage 2018;;;;
A488;44.26707499;4.089753013;43177.55965;498.746307;GPS_PHL;;Stage 2018;;;;
A489;44.26509904;4.091185983;43177.5969;511.815674;GPS_PHL;;Stage 2018;;;;
A49;44.251499;4.139636;;301.256592;GPS-PHL;;Stage 2009;;;;
A490;44.26444802;4.092063988;43177.60177;503.817627;GPS_PHL;;Stage 2018;;;;
A491;44.26500097;4.095930979;43177.61692;511.120667;GPS_PHL;;Stage 2018;;;;
A492;44.26453603;4.096690966;43177.62685;512.578369;GPS_PHL;;Stage 2018;;;;
A493;44.264948;4.098814018;43177.63806;514.335999;GPS_PHL;;Stage 2018;;;;
A494;44.26562601;4.100071974;43177.64549;514.562988;GPS_PHL;;Stage 2018;;;;
A495;44.26698597;4.100735988;43177.65201;513.447937;GPS_PHL;;Stage 2018;;;;
A496;44.26832699;4.101351975;43177.65706;516.416077;GPS_PHL;;Stage 2018;;;;
A497;44.26820403;4.102524016;43177.67728;534.109192;GPS_PHL;;Stage 2018;;;;
A498;44.240861;4.12207799;43178.46752;233.817871;GPS_PHL;;Stage 2018;;;;
A499;44.240645;4.124372033;43178.48428;242.743652;GPS_PHL;;Stage 2018;;;;
A4b;44.235744;4.054906;43900.55069;;positionement QGIS;;Stage 2020;;;;
A50;44.25223;4.13835;;294.046753;GPS-PHL;;Stage 2009;;;;
A500;44.23940599;4.123654962;43178.49308;243.021194;GPS_PHL;;Stage 2018;;;;
A501;44.23777001;4.12254503;43178.50013;237.337448;GPS_PHL;;Stage 2018;;;;
A502;44.23765602;4.123237962;43178.50465;221.064697;GPS_PHL;;Stage 2018;;;;
A503;44.23307698;4.116907027;43178.56622;219.12323;GPS_PHL;;Stage 2018;;;;
A504;44.23212597;4.119269969;43178.60818;263.213348;GPS_PHL;;Stage 2018;;;;
A505;44.23098796;4.120908966;43178.61568;275.55542;GPS_PHL;;Stage 2018;;;;
A506;44.23096399;4.121410036;43178.62796;279.933838;GPS_PHL;;Stage 2018;;;;
A507;44.22984299;4.123171996;43178.63475;306.182068;GPS_PHL;;Stage 2018;;;;
A508;44.23062704;4.124594992;43178.64647;320.96936;GPS_PHL;;Stage 2018;;;;
A509;44.23026603;4.124479992;43178.65396;318.507324;GPS_PHL;;Stage 2018;;;;
A51;44.251962;4.143741;;329.134521;GPS-PHL;;Stage 2009;;;;
A510;44.22993603;4.124515029;43178.66295;311.792114;GPS_PHL;;Stage 2018;;;;
A511;44.23012999;4.125101008;43178.66932;318.776917;GPS_PHL;;Stage 2018;;;;
A512;44.22990602;4.125011992;43178.67385;345.205566;GPS_PHL;;Stage 2018;;;;
A513;44.22917596;4.124991037;43178.68095;326.901489;GPS_PHL;;Stage 2018;;;;
A514;44.22851698;4.126216974;43178.68521;346.346741;GPS_PHL;;Stage 2018;;;;
A515;44.22836903;4.124638997;43178.69056;345.48587;GPS_PHL;;Stage 2018;;;;
A516;44.22841203;4.123620009;43178.69781;329.766144;GPS_PHL;;Stage 2018;;;;
A517;44.228407;4.12355002;43178.69631;324.643433;GPS_PHL;;Stage 2018;;;;
A518;44.22870096;4.122245042;43178.70407;333.041046;GPS_PHL;;Stage 2018;;;;
A519;44.22969799;4.120338997;43178.71267;333.359497;GPS_PHL;;Stage 2018;;;;
A520;44.22988004;4.117178014;43178.72125;311.67511;GPS_PHL;;Stage 2018;;;;
A521;44.23083499;4.120076979;43178.73154;277.326935;GPS_PHL;;Stage 2018;;;;
A522;44.23151803;4.118152997;43178.73527;244.665451;GPS_PHL;;Stage 2018;;;;
A523;44.23157704;4.116662024;43178.73799;215.825012;GPS_PHL;;Stage 2018;;;;
A527;44.26805198;4.144371003;43179.45007;162.182617;GPS_PHL;;Stage 2018;;;;
A528;44.26744899;4.144148966;43179.45545;167.811737;GPS_PHL;;Stage 2018;;;;
A529;44.26661197;4.143504985;43179.4592;185.445557;GPS_PHL;;Stage 2018;;;;
A53;44.252021;4.145826;;361.338501;GPS-PHL;;Stage 2009;;;;
A530;44.26302896;4.140656982;43179.43009;215.520081;GPS groupeI(136);;Stage 2018;;;;
A531;44.262274;4.140053988;43179.47892;224.009521;GPS_PHL;;Stage 2018;;;;
A532;44.26142701;4.139824994;43179.49856;256.140717;GPS_PHL;;Stage 2018;;;;
A534;44.25766697;4.14479496;43179.52953;234.559341;GPS_PHL;;Stage 2018;;;;
A535;44.26013896;4.140234031;43179.5416;279.338226;GPS_PHL;;Stage 2018;;;;
A537;44.262158;4.138052976;43179.55689;280.652771;GPS_PHL;;Stage 2018;;;;
A538;44.26277901;4.138725037;43179.56002;281.707458;GPS_PHL;;Stage 2018;;;;
A539;44.26360597;4.139070036;43179.58913;274.042267;GPS_PHL;;Stage 2018;;;;
A54;44.251305;4.146191;;359.415894;GPS-PHL;;Stage 2009;;;;
A541;44.26813404;4.1402;43179.59711;199.860504;GPS_PHL;;Stage 2018;;;;
A542;44.26794603;4.135165997;43179.62521;189.953354;GPS_PHL;;Stage 2018;;;;
A543;44.26869798;4.133922961;43179.63237;183.812576;GPS_PHL;;Stage 2018;;;;
A544;44.26834602;4.132485967;43179.63588;182.55072;GPS_PHL;;Stage 2018;;;;
A545;44.26791804;4.129587002;43179.65008;193.998917;GPS_PHL;;Stage 2018;;;;
A546;44.26766801;4.130528038;43179.65566;183.40799;GPS_PHL;;Stage 2018;;;;
A547;44.26661097;4.128396017;43179.65674;186.366226;GPS_PHL;;Stage 2018;;;;
A548;44.26577403;4.128730036;43179.71377;184.302948;GPS_PHL;;Stage 2018;;;;
A549;44.26464298;4.128485033;43179.70995;208.027634;GPS_PHL;;Stage 2018;;;;
A55;44.24908;4.139603;;384.650391;GPS-PHL;;Stage 2009;;;;
A550;44.26799297;4.12698702;43179.72808;171.108124;GPS_PHL;;Stage 2018;;;;
A551;44.26822498;4.127917998;43179.73307;180.006149;GPS_PHL;;Stage 2018;;;;
A552;44.26828399;4.127155999;43179.73451;177.604858;GPS_PHL;;Stage 2018;;;;
A553;44.26832397;4.126160983;43179.73682;194.872208;GPS_PHL;;Stage 2018;;;;
A554;44.26842196;4.125941042;43179.74352;218.101318;GPS_PHL;;Stage 2018;;;;
A555;44.26854601;4.126495002;43179.74047;224.7258;GPS_PHL;;Stage 2018;;;;
A556;44.27018702;4.126853999;43179.78792;216.261185;GPS_PHL;;Stage 2018;;;;
A557;44.270356;4.126137011;43179.79186;208.263367;GPS_PHL;;Stage 2018;;;;
A558;44.25416199;4.183878014;43180.44846;176.266479;GPS_PHL;;Stage 2018;;;;
A559;44.25453398;4.181081979;43180.45723;185.796097;GPS_PHL;;Stage 2018;;;;
A56;44.251074;4.155661;;375.037231;GPS-PHL;;Stage 2009;;;;
A560;44.25484998;4.17919999;43180.46343;202.382919;GPS_PHL;;Stage 2018;;;;
A562;44.25520403;4.177308027;43180.47593;224.294022;GPS_PHL;;Stage 2018;;;;
A563;44.25533596;4.175978992;43180.48281;227.460388;GPS_PHL;;Stage 2018;;;;
A564;44.25655603;4.174086023;43180.49218;251.861374;GPS_PHL;;Stage 2018;;;;
A565;44.25729398;4.173169965;43180.50537;272.131561;GPS_PHL;;Stage 2018;;;;
A566;44.25767703;4.173195027;43180.50867;273.124298;GPS_PHL;;Stage 2018;;;;
A567;44.25741903;4.173980998;43180.51295;278.679077;GPS_PHL;;Stage 2018;;;;
A567b;44.25740898;4.174686;43180.52186;282.698395;GPS_PHL;;Stage 2018;;;;
A568;44.257326;4.175352026;43180.52755;295.719482;GPS_PHL;;Stage 2018;;;;
A569;44.258146;4.174511991;43180.54164;316.469879;GPS_PHL;;Stage 2018;;;;
A57;44.250612;4.152264;;393.302002;GPS-PHL;;Stage 2009;;;;
A570;44.258649;4.174148971;43180.5442;321.161285;GPS_PHL;;Stage 2018;;;;
A571;44.25895904;4.172472004;43180.56067;327.808929;GPS_PHL;;Stage 2018;;;;
A572;44.25859703;4.171171971;43180.58154;327.466797;GPS_PHL;;Stage 2018;;;;
A573;44.25782698;4.167758022;43180.61752;361.356842;GPS_PHL;;Stage 2018;;;;
A574;44.25810602;4.168375013;43180.61987;360.10321;GPS_PHL;;Stage 2018;;;;
A575;44.25855403;4.170306036;43180.62538;334.897766;GPS_PHL;;Stage 2018;;;;
A576;44.25967201;4.17360398;43180.63063;310.907806;GPS_PHL;;Stage 2018;;;;
A577;44.26001499;4.178341012;43180.63684;283.908997;GPS_PHL;;Stage 2018;;;;
A578;44.25995599;4.178559026;43180.63877;285.88324;GPS_PHL;;Stage 2018;;;;
A579;44.26044599;4.180800011;43180.64424;256.278687;GPS_PHL;;Stage 2018;;;;
A58;44.249237;4.149883;;391.13916;GPS-PHL;;Stage 2009;;;;
A580;44.260001;4.182798006;43180.65244;219.400208;GPS_PHL;;Stage 2018;;;;
A581;44.25934603;4.183552042;43180.6576;201.55098;GPS_PHL;;Stage 2018;;;;
A583;44.25947302;4.186552009;43180.66793;166.171722;GPS_PHL;;Stage 2018;;;;
A584;44.25879601;4.190553026;43180.67272;141.118408;GPS_PHL;;Stage 2018;;;;
A59;44.248148;4.137557;;388.976196;GPS-PHL;;Stage 2009;;;;
A590;44.22406602;4.065569965;43538.48446;400.278748;GPS PHL;;Stage 2019;;;;
A591;44.22389796;4.065457983;43538.49616;391.976349;GPS PHL;;Stage 2019;;;;
A592;44.22383099;4.065465024;43538.49652;392.208466;GPS PHL;;Stage 2019;;;;
A593;44.22443097;4.073056011;43538.52288;369.557037;GPS PHL;;Stage 2019;;;;
A594;44.22460497;4.073550962;43538.52376;364.13501;GPS PHL;;Stage 2019;;;;
A595;44.22564701;4.075572006;43538.54944;376.599091;GPS PHL;;Stage 2019;;;;
A596;44.225771;4.075889;;;GPS-PHL;;Stage 2006;;;;
A597;44.22420901;4.078655038;43538.56591;353.392334;GPS PHL;;Stage 2019;;;;
A598;44.22463599;4.083503969;43538.57292;330.188812;GPS PHL;;Stage 2019;;;;
A599;44.22494603;4.083700022;43538.58016;344.191162;GPS PHL;;Stage 2019;;;;
A60;44.247037;4.133719;;361.819092;GPS-PHL;;Stage 2009;;;;
A600;44.22152898;4.082763009;43538.64611;355.043915;GPS PHL;;Stage 2019;;;;
A601;44.21906001;4.080042997;43538.67144;360.23941;GPS PHL;;Stage 2019;;;;
A602;44.219101;4.079345036;43538.6762;343.761658;GPS PHL;;Stage 2019;;;;
A603;44.215492;4.079032978;43538.69576;374.1539;GPS PHL;;Stage 2019;;;;
A604;44.21340499;4.080134025;43538.71902;375.944946;GPS PHL;;Stage 2019;;;;
A605;44.21347699;4.080780018;43538.73436;374.034088;GPS PHL;;Stage 2019;;;;
A606;44.215852;4.080981016;43538.74542;398.492249;GPS PHL;;Stage 2019;;;;
A607;44.21391402;4.089787966;43538.77523;449.997498;GPS PHL;;Stage 2019;;;;
A608;44.21364597;4.090017965;43538.78031;451.2724;GPS PHL;;Stage 2019;;;;
A609;44.21361898;4.090591036;43538.78351;454.959442;GPS PHL;;Stage 2019;;;;
A609b;44.26446201;4.133951962;43539.46284;208.22171;GPS PHL;;Stage 2019;;;;
A61;44.235438;3.963556;;397.868408;GPS-PHL;;Stage 2009;;;;
A610;44.26560899;4.134713039;43539.4706;199.200775;GPS PHL;;Stage 2019;;;;
A611;44.26607796;4.135388033;43539.47837;196.023407;GPS PHL;;Stage 2019;;;;
A612;44.26737296;4.136289004;43539.48902;184.43512;GPS PHL;;Stage 2019;;;;
A613;44.27016296;4.12689901;43539.75582;197.719223;GPS PHL;;Stage 2019;;;;
A614;44.27038098;4.126297021;43539.76358;197.807373;GPS PHL;;Stage 2019;;;;
A615;44.27059396;4.125724034;43539.76834;205.671234;GPS PHL;;Stage 2019;;;;
A616;44.27061802;4.125207039;43539.77567;209.19075;GPS PHL;;Stage 2019;;;;
A617;44.26846001;4.125920003;43539.78782;205.055862;GPS PHL;;Stage 2019;;;;
A618;44.26906996;4.127910035;43539.78876;204.035095;GPS PHL;;Stage 2019;;;;
A619;44.27975404;4.107395997;43540.45655;218.62915;GPS PHL;;Stage 2019;;;;
A62;44.232894;3.96434;;345.717163;GPS-PHL;;Stage 2009;;;;
A620;44.27932397;4.108309038;43540.46582;197.761734;GPS PHL;;Stage 2019;;;;
A621;44.27932799;4.109651987;43540.47396;196.807327;GPS PHL;;Stage 2019;;;;
A622;44.27984599;4.110314995;43540.4866;186.773849;GPS PHL;;Stage 2019;;;;
A623;44.28038604;4.111721981;43540.49502;179.492371;GPS PHL;;Stage 2019;;;;
A624;44.28089901;4.113026038;43540.49881;177.186035;GPS PHL;;Stage 2019;;;;
A625;44.28120503;4.114058018;43540.50157;178.888351;GPS PHL;;Stage 2019;;;;
A626;44.28139597;4.115194017;43540.50547;171.356766;GPS PHL;;Stage 2019;;;;
A627;44.27869197;4.109772015;43540.53035;186.087585;GPS PHL;;Stage 2019;;;;
A628;44.27854998;4.107983988;43540.5374;187.3349;GPS PHL;;Stage 2019;;;;
A629;44.27864101;4.105418036;43540.54097;186.91449;GPS PHL;;Stage 2019;;;;
A63;44.233136;3.966281;;343.554199;GPS-PHL;;Stage 2009;;;;
A630;44.27932497;4.102845965;43540.54468;185.820374;GPS PHL;;Stage 2019;;;;
A631;44.27861603;4.102230985;43540.55463;206.300079;GPS PHL;;Stage 2019;;;;
A632;44.27498499;4.099886985;43540.57008;205.701431;GPS PHL;;Stage 2019;;;;
A633;44.27450798;4.098520987;43540.6144;225.253433;GPS PHL;;Stage 2019;;;;
A634;44.27122998;4.096249994;43540.78118;;GPS PHL;;Stage 2019;;;;
A635;44.27034804;4.096390978;43540.63971;263.748932;GPS PHL;;Stage 2019;;;;
A636;44.26938504;4.096404975;43540.65657;284.718903;GPS PHL;;Stage 2019;;;;
A637;44.26956902;4.096263992;43540.66791;274.322998;GPS PHL;;Stage 2019;;;;
A638;44.26977698;4.096247982;43540.68655;274.390594;GPS PHL;;Stage 2019;;;;
A639;44.27910101;4.089440033;43540.74245;218.219452;GPS PHL;;Stage 2019;;;;
A640;44.27591404;4.085946037;43540.75572;306.668671;GPS PHL;;Stage 2019;;;;
A641;44.23514999;4.101462029;43542.79295;;GPS PHL;;Stage 2019;;;;
A642;44.228363;4.110444998;43541.56152;400.861176;GPS PHL;;Stage 2019;;;;
A643;44.22832604;4.110180968;43541.57594;414.608337;GPS PHL;;Stage 2019;;;;
A644;44.22834397;4.110053983;43541.57661;414.614685;GPS PHL;;Stage 2019;;;;
A645;44.26559701;4.168644994;43542.46904;109.613014;GPS PHL;;Stage 2019;;;;
A646;44.26591099;4.168738034;43542.47862;131.497421;GPS PHL;;Stage 2019;;;;
A647;44.266186;4.168914976;43542.48176;140.720093;GPS PHL;;Stage 2019;;;;
A648;44.26682998;4.169528028;43542.51576;174.9039;GPS PHL;;Stage 2019;;;;
A649;44.26729602;4.169949973;43542.51841;187.181778;GPS PHL;;Stage 2019;;;;
A65;44.230137;3.97017;;279.86731;GPS-PHL;;Stage 2009;;;;
A650;44.26771604;4.170470992;43542.52453;204.255844;GPS PHL;;Stage 2019;;;;
A651;44.26760003;4.17127599;43542.54162;216.353546;GPS PHL;;Stage 2019;;;;
A652;44.267279;4.171641022;43542.54491;226.178299;GPS PHL;;Stage 2019;;;;
A653;44.26727196;4.171813019;43542.54786;225.009216;GPS PHL;;Stage 2019;;;;
A654;44.266632;4.172439985;43542.55013;242.392822;GPS PHL;;Stage 2019;;;;
A655;44.26567596;4.172712984;43542.5649;255.928757;GPS PHL;;Stage 2019;;;;
A656;44.26725302;4.171866998;43542.60519;225.251221;GPS PHL;;Stage 2019;;;;
A657;44.267193;4.16981603;43542.60836;182.276306;GPS PHL;;Stage 2019;;;;
A658;44.26425196;4.118986996;43542.68148;230.474518;GPS PHL;;Stage 2019;;;;
A659;44.26416898;4.118787004;43542.68211;233.824326;GPS PHL;;Stage 2019;;;;
A66;44.230398;3.970521;;284.674072;GPS-PHL;;Stage 2009;;;;
A660;44.26452597;4.117418993;43542.69088;234.261383;GPS PHL;;Stage 2019;;;;
A661;44.26328997;4.118759008;43542.701;213.609314;GPS PHL;;Stage 2019;;;;
A662;44.26250199;4.118216028;43542.70603;224.003433;GPS PHL;;Stage 2019;;;;
A663;44.26147001;4.11713996;43542.78843;;GPS PHL;;Stage 2019;;;;
A664;44.282969;4.127902994;43542.755;164.227905;GPS PHL;;Stage 2019;;;;
A665;44.19644396;4.053595997;43543.44167;179.078873;GPS PHL;;Stage 2019;;;;
A666;44.19570501;4.053623993;43543.48784;181.048477;GPS PHL;;Stage 2019;;;;
A667;44.19551902;4.053458031;43543.49959;184.832153;GPS PHL;;Stage 2019;;;;
A668;44.194841;4.052890996;43543.50458;188.131119;GPS PHL;;Stage 2019;;;;
A669;44.19418504;4.052584972;43543.50642;189.939621;GPS PHL;;Stage 2019;;;;
A67;44.230621;3.972109;;267.610596;GPS-PHL;;Stage 2009;;;;
A670;44.19341197;4.052270986;43543.51475;192.829208;GPS PHL;;Stage 2019;;;;
A671;44.19292197;4.052188005;43543.51603;195.790833;GPS PHL;;Stage 2019;;;;
A672;44.19202301;4.052193034;43543.52119;195.72287;GPS PHL;;Stage 2019;;;;
A673;44.193115;4.052138971;43543.53221;189.597351;GPS PHL;;Stage 2019;;;;
A673b;44.19975003;4.057619981;43543.8745;;GPS PHL;;Stage 2019;;;;
A674;44.19489096;4.053057963;43543.54168;182.750763;GPS PHL;;Stage 2019;;;;
A674b;44.20586103;4.064782988;43543.59215;261.374481;GPS PHL;;Stage 2019;;;;
A675;44.19501903;4.053225014;43543.54721;178.665085;GPS PHL;;Stage 2019;;;;
A675b;44.20565299;4.064745018;43543.60024;259.45578;GPS PHL;;Stage 2019;;;;
A675c;44.20722996;4.064329024;43543.60838;273.629517;GPS PHL;;Stage 2019;;;;
A676b;44.24440303;4.110025987;43543.70221;276.916656;GPS PHL;;Stage 2019;;;;
A677;44.24597497;4.109959016;43543.69722;275.552155;GPS PHL;;Stage 2019;;;;
A678;44.24586299;4.110359;43543.69866;283.425842;GPS PHL;;Stage 2019;;;;
A678b;44.24534499;4.109858014;43543.71214;270.463837;GPS PHL;;Stage 2019;;;;
A679;44.24869096;4.109505974;43543.74403;319.116882;GPS PHL;;Stage 2019;;;;
A68;44.228835;3.971168;;277.704468;GPS-PHL;;Stage 2009;;;;
A680;44.248785;4.109511003;43543.74947;318.774506;GPS PHL;;Stage 2019;;;;
A681;44.24689497;4.107862031;43543.76299;339.994629;GPS PHL;;Stage 2019;;;;
A682;44.24265004;4.176539993;;;GPS PHL;;Stage 2019;;;;
A683;44.23750799;4.169900017;43544.47825;238.673294;GPS PHL;;Stage 2019;;;;
A684;44.23491899;4.165483005;43544.48701;241.11647;GPS PHL;;Stage 2019;;;;
A685;44.220539;4.158937996;43544.49765;200.258698;GPS PHL;;Stage 2019;;;;
A686;44.22738399;4.155068994;43544.52112;197.694168;GPS PHL;;Stage 2019;;;;
A687;44.22760301;4.155882038;43544.52853;195.984436;GPS PHL;;Stage 2019;;;;
A688;44.226536;4.156978978;43544.53395;192.862198;GPS PHL;;Stage 2019;;;;
A689;44.22616501;4.156951988;43544.5412;191.908676;GPS PHL;;Stage 2019;;;;
A69;44.232747;3.972739;;274.5802;GPS-PHL;;Stage 2009;;;;
A690;44.22588598;4.156961963;43544.54502;188.290985;GPS PHL;;Stage 2019;;;;
A691;44.22557602;4.157089032;43544.5489;196.788696;GPS PHL;;Stage 2019;;;;
A692;44.22521199;4.157064976;43544.56351;183.721634;GPS PHL;;Stage 2019;;;;
A693;44.22459098;4.157006973;43544.57088;182.012695;GPS PHL;;Stage 2019;;;;
A694;44.223099;4.156920975;43544.57766;179.464386;GPS PHL;;Stage 2019;;;;
A695;44.22119102;4.158495013;43544.5886;185.073212;GPS PHL;;Stage 2019;;;;
A696;44.22808397;4.150986001;43544.61102;196.884781;GPS PHL;;Stage 2019;;;;
A697;44.226968;4.152601026;43544.61582;194.19664;GPS PHL;;Stage 2019;;;;
A70;44.234102;3.970582;;312.311646;GPS-PHL;;Stage 2009;;;;
A700;44.22411798;4.065625034;43901.46378;362.255127;GPS Garmin Oregon PHL;;Stage 2020;;;;
A701;44.220525;4.061661987;43901.52991;479.481567;GPS Garmin Oregon PHL;;Stage 2020;;;;
A702;44.22132899;4.061647989;43901.54933;479.059174;GPS Garmin Oregon PHL;;Stage 2020;;;;
A703;44.22178899;4.061355963;43901.55611;474.620209;GPS Garmin Oregon PHL;;Stage 2020;;;;
A704;44.22119999;4.061759971;43901.90324;;GPS Garmin Oregon PHL;;Stage 2020;;;;
A705;44.22129999;4.059719983;43901.89685;;GPS Garmin Oregon PHL;;Stage 2020;;;;
A706;44.223373;4.060876016;43901.64883;460.707703;GPS Garmin Oregon PHL;;Stage 2020;;;;
A707;44.224138;4.061422;43901.61128;447.169098;GPS Garmin Oregon PHL;;Stage 2020;;;;
A708;44.22436299;4.062203038;43901.66094;424.423676;GPS Garmin Oregon PHL;;Stage 2020;;;;
A709;44.22445603;4.063164024;43901.67122;416.443542;GPS Garmin Oregon PHL;;Stage 2020;;;;
A71;44.234609;3.978496;;261.362183;GPS-PHL;;Stage 2009;;;;
A710;44.223991;4.065127987;43901.68182;396.317474;GPS Garmin Oregon PHL;;Stage 2020;;;;
A711;44.21337599;4.09125899;43901.7166;456.513062;GPS Garmin Oregon PHL;;Stage 2020;;;;
A712;44.20791401;4.094051002;43901.75413;407.809082;GPS Garmin Oregon PHL;;Stage 2020;;;;
A713;44.19785203;4.085494;43901.77402;311.242249;GPS Garmin Oregon PHL;;Stage 2020;;;;
A714;44.19575103;4.087783014;43901.78147;317.406494;GPS Garmin Oregon PHL;;Stage 2020;;;;
A715;44.19621103;4.086584989;43901.8088;312.003357;GPS Garmin Oregon PHL;;Stage 2020;;;;
A716;44.196207;4.086551964;43901.80912;314.322815;GPS Garmin Oregon PHL;;Stage 2020;;;;
A717;44.19625302;4.086509971;43901.8512;314.48175;GPS Garmin Oregon PHL;;Stage 2020;;;;
A718;44.267739;4.084768966;43902.48044;502.331268;GPS Garmin Oregon PHL;;Stage 2020;;;;
A719;44.26701397;4.086848013;43902.50088;501.629883;GPS Garmin Oregon PHL;;Stage 2020;;;;
A72;44.23711;3.978237;;311.590698;GPS-PHL;;Stage 2009;;;;
A720;44.26737598;4.08895799;43902.52006;509.206177;GPS Garmin Oregon PHL;;Stage 2020;;;;
A721;44.26732502;4.089214979;43902.52046;509.921906;GPS Garmin Oregon PHL;;Stage 2020;;;;
A722;44.26698396;4.089720994;43902.53242;508.381927;GPS Garmin Oregon PHL;;Stage 2020;;;;
A723;44.26724397;4.088141005;43902.53727;496.67099;GPS Garmin Oregon PHL;;Stage 2020;;;;
A724;44.27097299;4.118976016;43902.7492;225.288452;GPS Garmin Oregon PHL;;Stage 2020;;;;
A725;44.27019599;4.118457008;43902.7522;243.891113;GPS Garmin Oregon PHL;;Stage 2020;;;;
A726;44.25424196;4.13656896;43903.46979;231.156601;GPS Garmin Oregon PHL;;Stage 2020;;;;
A727;44.25210197;4.13475696;43903.50334;268.651672;GPS Garmin Oregon PHL;;Stage 2020;;;;
A728;44.25225402;4.134627962;43903.50513;269.122681;GPS Garmin Oregon PHL;;Stage 2020;;;;
A729;44.25047798;4.133963026;43903.52255;302.345001;GPS Garmin Oregon PHL;;Stage 2020;;;;
A73;44.236246;3.978014;;312.311646;GPS-PHL;;Stage 2009;;;;
A730;44.24876598;4.134021029;43903.53203;315.642578;GPS Garmin Oregon PHL;;Stage 2020;;;;
A731;44.24829097;4.133930001;43903.53556;321.436279;GPS Garmin Oregon PHL;;Stage 2020;;;;
A732;44.24862499;4.133848026;43903.53882;322.050079;GPS Garmin Oregon PHL;;Stage 2020;;;;
A733;44.24763802;4.132725019;43903.54622;349.71521;GPS Garmin Oregon PHL;;Stage 2020;;;;
A734;44.24758497;4.132087994;43903.54831;348.677185;GPS Garmin Oregon PHL;;Stage 2020;;;;
A735;44.25001;4.0479;43915.4487;;replacement QGIS;;Stage 2020;;;;
A736;44.25900104;4.051845018;43904.49815;454.744507;GPS Garmin Oregon PHL;;Stage 2020;;;;
A737;;;;;GPS Garmin Oregon PHL;;Stage 2020;;;;
A738;44.25833199;4.054955039;43904.5141;464.746918;GPS Garmin Oregon PHL;;Stage 2020;;;;
A739;44.25814499;4.055792978;43904.53123;478.300079;GPS Garmin Oregon PHL;;Stage 2020;;;;
A74;44.220371;3.96715;;440.166016;GPS-PHL;;Stage 2009;;;;
A740;44.258032;4.05632196;43904.54308;463.34021;GPS Garmin Oregon PHL;;Stage 2020;;;;
A741;44.25853601;4.056339981;43904.556;466.689911;GPS Garmin Oregon PHL;;Stage 2020;;;;
A742;44.25869401;4.052902982;43904.56466;457.901611;GPS Garmin Oregon PHL;;Stage 2020;;;;
A743;44.25797702;4.051749967;43904.57524;456.127899;GPS Garmin Oregon PHL;;Stage 2020;;;;
A744;44.25517101;4.051304972;43904.58411;434.734314;GPS Garmin Oregon PHL;;Stage 2020;;;;
A745;44.25474303;4.051591968;43904.58887;432.713013;GPS Garmin Oregon PHL;;Stage 2020;;;;
A746;44.25342598;4.051676039;43904.59821;416.865692;GPS Garmin Oregon PHL;;Stage 2020;;;;
A747;44.25279398;4.051855998;43904.65892;411.684601;GPS Garmin Oregon PHL;;Stage 2020;;;;
A748;44.25368297;4.05303902;43904.67264;392.574341;GPS Garmin Oregon PHL;;Stage 2020;;;;
A749;44.25221002;4.053302966;43904.69369;358.743195;GPS Garmin Oregon PHL;;Stage 2020;;;;
A75;44.221384;3.985528;;369.509644;GPS-PHL;;Stage 2009;;;;
A750;44.25093102;4.052292025;43904.70911;347.88855;GPS Garmin Oregon PHL;;Stage 2020;;;;
A751;44.25050003;4.051561039;43904.71652;341.975433;GPS Garmin Oregon PHL;;Stage 2020;;;;
A752;44.19870598;4.093487989;43905.50866;333.864777;GPS Garmin Oregon PHL;;Stage 2020;;;;
A753;44.199472;4.093349017;43905.51472;342.246094;GPS Garmin Oregon PHL;;Stage 2020;;;;
A754;44.21163;4.07686;43905.54514;;positionement QGIS;;Stage 2020;;;;
A758;44.26850896;4.137268011;44265.49521;167.599182;GPS-PHL;;Stage 2021;;;;
A759;44.2683;4.13712;;;GPS-groupeF;;Stage 2021;;;;
A76;44.248165;4.038489;;567.780029;GPS-PHL;;Stage 2009;;;;
A760;44.26735302;4.136325968;44265.50199;173.540695;GPS-PHL;;Stage 2021;;;;
A761;44.26711698;4.135973006;44265.52795;176.083984;GPS-PHL;;Stage 2021;;;;
A762;44.26708496;4.135907963;44265.52888;175.886047;GPS-PHL;;Stage 2021;;;;
A763;44.26607603;4.13538401;44265.54647;185.724701;GPS-PHL;;Stage 2021;;;;
A764;44.26432002;4.134122031;44265.55573;201.44133;GPS-PHL;;Stage 2021;;;;
A765;44.26403697;4.13426796;44265.55928;203.124069;GPS-PHL;;Stage 2021;;;;
A766;44.26389297;4.133906029;44265.56338;204.942551;GPS-PHL;;Stage 2021;;;;
A767;44.26371996;4.133707965;44265.56688;205.749496;GPS-PHL;;Stage 2021;;;;
A768;44.26358745;4.133440152;44265.57712;207.468903;GPS-PHL;;Stage 2021;;;;
A769;44.26339097;4.132776987;44265.57495;210.943344;GPS-PHL;;Stage 2021;;;;
A77;44.246713;4.042498;;546.390869;GPS-PHL;;Stage 2009;;;;
A770;44.26318704;4.132500971;44265.58127;214.029465;GPS-PHL;;Stage 2021;;;;
A771;44.26284296;4.132331992;44265.58436;216.49382;GPS-PHL;;Stage 2021;;;;
A772;44.262763;4.132164;;;GPS-PHL;;Stage 2021;;;;
A773;44.26241197;4.13215396;44265.59095;216.258026;GPS-PHL;;Stage 2021;;;;
A774;44.26170697;4.13210501;44265.59399;215.341873;GPS-PHL;;Stage 2021;;;;
A775;44.22979102;4.149265029;44265.6719;231.803482;GPS-PHL;;Stage 2021;;;;
A776;44.22994802;4.148736969;44265.68108;223.35228;GPS-PHL;;Stage 2021;;;;
A777;44.230081;4.148613;;;GPS-groupeG;;Stage 2021;;;;
A778;44.229553;4.149319;;;GPS-groupeG;;Stage 2021;;;;
A779;44.22933396;4.151664013;44265.70483;209.855988;GPS-PHL;;Stage 2021;;;;
A78;44.242513;4.041584;;556.484619;GPS-PHL;;Stage 2009;;;;
A780;44.23476;4.13979;;171.605225;GPS-PHL;;Stage 2021;;;;
A781;44.24778102;4.137062989;44266.43039;379.192474;GPS-PHL;;Stage 2021;;;;
A782;44.24319796;4.13707003;44266.44948;410.91806;GPS-PHL;;Stage 2021;;;;
A783;44.24192114;4.136056686;44266.45602;413.97287;GPS-PHL;;Stage 2021;;;;
A784;44.243881;4.136963999;44266.47443;403.022552;GPS-PHL;;Stage 2021;;;;
A785;44.24099138;4.136669628;44266.49245;411.248383;GPS-PHL;;Stage 2021;;;;
A786;44.23949601;4.141006004;44266.50237;398.470673;GPS-PHL;;Stage 2021;;;;
A787;44.241767;4.140637033;44266.51124;420.526428;GPS-PHL;;Stage 2021;;;;
A788;44.24217696;4.140826967;44266.51907;424.622223;GPS-PHL;;Stage 2021;;;;
A789;44.24264199;4.142485997;44266.53286;436.044861;GPS-PHL;;Stage 2021;;;;
A79;44.228133;4.06197;;371.192017;GPS-PHL;;Stage 2009;;;;
A790;44.24269396;4.143743031;44266.53965;443.096405;GPS-PHL;;Stage 2021;;;;
A791;44.24246899;4.144161958;44266.53902;445.756226;GPS-PHL;;Stage 2021;;;;
A792;44.24192098;4.144813986;44266.54806;452.037933;GPS-PHL;;Stage 2021;;;;
A793;44.24202143;4.147137796;;;GPS-groupeG;;Stage 2021;;;;
A794;44.265826;4.161488023;44266.6128;155.547363;GPS-PHL;;Stage 2021;;;;
A795;44.26718001;4.162538024;44266.61763;155.073608;GPS-PHL;;Stage 2021;;;;
A796;44.26782299;4.16351703;44266.63834;156.538559;GPS-PHL;;Stage 2021;;;;
A797;44.268559;4.164689993;44266.64406;155.081177;GPS-PHL;;Stage 2021;;;;
A798;44.26881297;4.165704036;44266.65243;157.01297;GPS-PHL;;Stage 2021;;;;
A799;44.269148;4.166196976;44266.65666;154.822021;GPS-PHL;;Stage 2021;;;;
A80;44.234056;4.061971;;410.605591;GPS-PHL;;Stage 2009;;;;
A800;44.26921204;4.16570697;44266.66821;171.605225;GPS-PHL;;Stage 2021;;;;
A801;44.26896;4.165;;;GPS-PHL;;Stage 2021;;;;
A802;44.27251803;4.166458994;44266.70583;178.799118;GPS-PHL;;Stage 2021;;;;
A803;44.27219599;4.166631997;44266.70753;172.818054;GPS-PHL;;Stage 2021;;;;
A804;44.27353098;4.172357004;44266.72539;186.145935;GPS-PHL;;Stage 2021;;;;
A805;44.27236;4.17448;;;GPS-PHL;;Stage 2021;;;;
A806;44.27227596;4.175695013;44266.73792;154.328186;GPS-PHL;;Stage 2021;;;;
A807;44.27211704;4.17866799;44266.75834;167.859924;GPS-PHL;;Stage 2021;;;;
A808;44.25610903;4.076410029;44267.49774;173.719818;GPS-PHL;;Stage 2021;;;;
A809;44.25709499;4.07977201;44267.56281;265.025421;GPS-PHL;;Stage 2021;;;;
A81;44.223143;4.062365;;459.151855;GPS-PHL;;Stage 2009;;;;
A810;44.25728601;4.079882987;44267.57134;270.273193;GPS-PHL;;Stage 2021;;;;
A811;44.25719004;4.079892961;44267.56977;271.550079;GPS-PHL;;Stage 2021;;;;
A812;44.25735097;4.079931015;44267.57926;272.17392;GPS-PHL;;Stage 2021;;;;
A813;44.25809101;4.081158964;44267.58682;271.25415;GPS-PHL;;Stage 2021;;;;
A814;44.22202704;4.083616035;44267.75113;356.470459;GPS-PHL;;Stage 2021;;;;
A815;44.19596996;4.083744027;44268.45294;287.47876;GPS-Mathilde;;Stage 2021;;;;
A816;44.19759303;4.082332011;44268.46691;303.414307;GPS-PHL;;Stage 2021;;;;
A817;44.19871797;4.081379995;44268.47383;312.960938;GPS-PHL;;Stage 2021;;;;
A818;44.198824;4.081451995;44268.48485;315.499969;GPS-PHL;;Stage 2021;;;;
A819;44.19930696;4.081180003;44268.5098;324.361328;GPS-PHL;;Stage 2021;;;;
A820;44.19971097;4.080384979;44268.52008;329.503174;GPS-PHL;;Stage 2021;;;;
A821;44.19979303;4.079857003;44268.52861;328.818176;GPS-PHL;;Stage 2021;;;;
A822;44.20034104;4.07966204;44268.53722;332.141937;GPS-PHL;;Stage 2021;;;;
A823;44.20052502;4.079780979;44268.5402;331.208984;GPS-PHL;;Stage 2021;;;;
A824;44.20109197;4.081414025;44268.55963;337.81308;GPS-PHL;;Stage 2021;;;;
A825;44.20258001;4.081833037;44268.56601;339.666504;GPS-PHL;;Stage 2021;;;;
A826;44.20310698;4.080182975;44268.57127;346.399384;GPS-PHL;;Stage 2021;;;;
A827;44.20428196;4.079820961;44268.57689;352.958618;GPS-PHL;;Stage 2021;;;;
A828;44.20485302;4.079532037;44268.57963;355.03894;GPS-PHL;;Stage 2021;;;;
A829;44.20291;4.08101;44268.59389;;GPS-PHL;;Stage 2021;;;;
A83;44.226007;4.039062;;253.431396;GPS-PHL;;Stage 2009;;;;
A830;44.25358004;4.109131973;;344.589111;GPS-PHL;;Stage 2021;;;;
A831;44.25490698;4.109719042;44268.68653;324.622009;GPS-PHL;;Stage 2021;;;;
A832;44.25579504;4.109774027;44268.69563;311.757996;GPS-PHL;;Stage 2021;;;;
A833;44.27899498;4.100169959;44269.50354;227.0625;GPS-PHL;;Stage 2021;;;;
A834;44.27908701;4.099023985;44269.51169;232.565613;GPS-PHL;;Stage 2021;;;;
A835;44.27973703;4.098040033;44269.51693;225.391495;GPS-PHL;;Stage 2021;;;;
A836;44.28005001;4.09728298;44269.51854;225.218674;GPS-PHL;;Stage 2021;;;;
A837;44.28028579;4.096246985;44270.88793;;GPS-PHL;;Stage 2021;;;;
A838;44.28051;4.095333014;44269.53251;241.630142;GPS-PHL;;Stage 2021;;;;
A839;44.27919203;4.092796985;44269.54519;265.236969;GPS-PHL;;Stage 2021;;;;
A84;44.221719;4.043842;;234.685791;GPS-PHL;;Stage 2009;;;;
A840;44.27600197;4.089967003;44269.55662;280.817078;GPS-PHL;;Stage 2021;;;;
A841;44.27639097;4.089370966;44269.56366;295.051514;GPS-PHL;;Stage 2021;;;;
A842;44.27712204;4.089052035;44269.56878;298.566864;GPS-PHL;;Stage 2021;;;;
A843;44.27766896;4.08947398;44269.57262;282.997162;GPS-PHL;;Stage 2021;;;;
A844;44.27874;4.089123029;44269.57887;230.036835;GPS-PHL;;Stage 2021;;;;
A845;44.28035997;4.092325;44269.58834;211.487671;GPS-PHL;;Stage 2021;;;;
A846;44.28087403;4.093822008;44269.59424;214.546265;GPS-PHL;;Stage 2021;;;;
A847;44.28171499;4.093887974;44269.59877;213.552917;GPS-PHL;;Stage 2021;;;;
A848;44.28148398;4.095391016;44269.6031;209.717468;GPS-PHL;;Stage 2021;;;;
A849;44.28137301;4.096344961;44269.60572;204.183609;GPS-PHL;;Stage 2021;;;;
A85;44.253193;4.043728;;362.540039;GPS-PHL;;Stage 2009;;;;
A850;44.28150788;4.096768289;44270.90579;;GPS-PHL;;Stage 2021;;;;
A851;44.28183703;4.096142035;44270.9063;;GPS-PHL;;Stage 2021;;;;
A852;44.28225998;4.095000001;44270.90727;;GPS-PHL;;Stage 2021;;;;
A853;44.28136798;4.095806004;44269.63741;208.688965;GPS-PHL;;Stage 2021;;;;
A854;44.23278898;4.089734992;44269.72007;419.531464;GPS-PHL;;Stage 2021;;;;
A855;44.23181802;4.088922031;44269.73558;383.19278;GPS-PHL;;Stage 2021;;;;
A856;44.23213402;4.088918008;44269.74833;374.741852;GPS-PHL;;Stage 2021;;;;
A857;44.23209798;4.088897975;44269.74914;373.371887;GPS-PHL;;Stage 2021;;;;
A858;44.23008724;4.08725993;44269.7612;355.068817;GPS-PHL;;Stage 2021;;;;
A859;44.23018799;4.087216984;44270.91194;;GPS-PHL;;Stage 2021;;;;
A86;44.2522;4.04372;;354.609375;positionement QGIS;;Stage 2009;;;;
A860;44.23023803;4.087038031;;375.641602;GPS-PHL;;Stage 2021;;;;
A861;44.24903001;4.144265978;44270.43703;382.954681;GPS-PHL;;Stage 2021;;;;
A862;44.24759704;4.143817965;44270.45038;389.602936;GPS-PHL;;Stage 2021;;;;
A863;44.24722304;4.143972024;44270.46138;381.715057;GPS-PHL;;Stage 2021;;;;
A864;44.24687603;4.144561021;44270.46537;380.204803;GPS-PHL;;Stage 2021;;;;
A865;44.24672498;4.144877018;44270.46972;384.249023;GPS-PHL;;Stage 2021;;;;
A866;44.24656397;4.145367024;44270.47185;392.532715;GPS-PHL;;Stage 2021;;;;
A867;44.24573399;4.14609801;44270.48282;375.744659;GPS-PHL;;Stage 2021;;;;
A868;44.24524245;4.147895896;44270.49506;356.288971;GPS-PHL;;Stage 2021;;;;
A869;44.24459073;4.149725167;44270.50846;356.243927;GPS-PHL;;Stage 2021;;;;
A87;44.251643;4.044362;;351.725464;positionement QGIS;;Stage 2009;;;;
A870;44.24460972;4.149775334;44270.50891;355.018555;GPS-PHL;;Stage 2021;;;;
A871;44.24463515;4.14983242;44270.50919;358.729462;GPS-PHL;;Stage 2021;;;;
A872;44.24443904;4.151317394;44270.52818;356.993103;GPS-PHL;;Stage 2021;;;;
A873;44.24432885;4.151707512;44270.53549;;GPS-PHL;;Stage 2021;;;;
A874;44.24462848;4.153106621;44270.91752;351.937561;GPS-PHL;;Stage 2021;;;;
A875;44.2445881;4.154318685;44270.55292;345.071747;GPS-PHL;;Stage 2021;;;;
A876;44.24380483;4.1557232;44270.56036;;GPS-PHL;;Stage 2021;;;;
A877;44.24325678;4.156444024;44270.9197;329.267883;GPS-PHL;;Stage 2021;;;;
A878;44.2426152;4.157212151;44270.57119;327.173218;GPS-PHL;;Stage 2021;;;;
A879;44.24232128;4.157482435;44270.57676;320.992249;GPS-PHL;;Stage 2021;;;;
A88;44.251166;4.044851;;352.446411;positionement QGIS;;Stage 2009;;;;
A880;44.24196096;4.157698983;44270.57926;295.582886;GPS-PHL;;Stage 2021;;;;
A881;44.25734502;4.148484003;44270.63177;305.528656;GPS-PHL;;Stage 2021;;;;
A882;44.25657498;4.147542967;44270.63456;311.570526;GPS-PHL;;Stage 2021;;;;
A883;44.25578498;4.146844;44270.63696;317.658386;GPS-PHL;;Stage 2021;;;;
A884;44.25551098;4.146059034;44270.64034;324.706482;GPS-PHL;;Stage 2021;;;;
A885;44.25502801;4.145903969;44270.64557;332.321381;GPS-PHL;;Stage 2021;;;;
A886;44.25459299;4.145654021;44270.65222;336.270874;GPS-PHL;;Stage 2021;;;;
A887;44.25318701;4.144545011;44270.65623;324.982361;GPS-PHL;;Stage 2021;;;;
A888;44.25197097;4.143775972;44270.67478;323.825195;GPS-PHL;;Stage 2021;;;;
A889;44.25174197;4.144359017;44270.68363;320.744293;GPS-PHL;;Stage 2021;;;;
A89;44.2509;4.045192;;;positionement QGIS;;Stage 2009;;;;
A890;44.25147702;4.143625014;44270.69378;315.399048;GPS-PHL;;Stage 2021;;;;
A891;44.25096598;4.142352976;44270.70266;332.621918;GPS-PHL;;Stage 2021;;;;
A892;44.25245551;4.14381396;44270.71182;343.430878;GPS-PHL;;Stage 2021;;;;
A893;44.25220398;4.144394975;44270.7165;353.023254;GPS-PHL;;Stage 2021;;;;
A894;44.25212078;4.145818448;44270.72487;361.017456;GPS-PHL;;Stage 2021;;;;
A895;44.25050899;4.145033006;44270.72962;375.666809;GPS-PHL;;Stage 2021;;;;
A895b;44.249377;4.143882;44270.73565;;GPS-PHL;;Stage 2021;;;;
A896;44.252394;4.136069985;44270.75069;268.868866;GPS-PHL;;Stage 2021;;;;
A897;44.25423601;4.136461001;44270.92191;;GPS-PHL;;Stage 2021;;;;
A898;44.25448897;4.137791041;44270.76;239.299118;GPS-PHL;;Stage 2021;;;;
A899;44.25540696;4.138011988;44270.76313;233.689224;GPS-PHL;;Stage 2021;;;;
A90;44.25055;4.04552;;352.206055;positionement QGIS;;Stage 2009;;;;
A900;44.24528698;4.124788027;44271.43271;;Samsung-PHL;;Stage 2021;;;;
A901;44.24517903;4.124808982;44271.43458;;Samsung-PHL;;Stage 2021;;;;
A902;44.244959;4.124950971;44271.44436;;Samsung-PHL;;Stage 2021;;;;
A903;44.24473001;4.12528499;44271.45563;;Samsung-PHL;;Stage 2021;;;;
A904;44.24498599;4.125595037;44271.46123;;Samsung-PHL;;Stage 2021;;;;
A905;44.24519998;4.125927966;44271.46926;;Samsung-PHL;;Stage 2021;;;;
A906;44.24511499;4.125733003;44271.46987;;Samsung-PHL;;Stage 2021;;;;
A907;44.24543903;4.126904961;44271.47692;;Samsung-PHL;;Stage 2021;;;;
A908;44.24517299;4.127579033;44271.48035;;Samsung-PHL;;Stage 2021;;;;
A909;44.24496897;4.128778987;44271.48498;;Samsung-PHL;;Stage 2021;;;;
A91;44.250514;4.045935;;354.849609;positionement QGIS;;Stage 2009;;;;
A910;44.24485398;4.129665038;44271.49071;;Samsung-PHL;;Stage 2021;;;;
A911;44.24421896;4.129927978;44271.49411;;Samsung-PHL;;Stage 2021;;;;
A912;44.24382099;4.130298961;44271.53737;;Samsung-PHL;;Stage 2021;;;;
A913;44.24331003;4.130224027;44271.54057;;Samsung-PHL;;Stage 2021;;;;
A914;44.24341204;4.129808033;44271.50792;;Samsung-PHL;;Stage 2021;;;;
A915;44.24354497;4.129307969;44271.51571;;Samsung-PHL;;Stage 2021;;;;
A916;44.24264702;4.129430009;44271.52296;;Samsung-PHL;;Stage 2021;;;;
A917;44.24245801;4.129551966;44271.52854;;Samsung-PHL;;Stage 2021;;;;
A918;44.24248097;4.130786033;44271.53743;;Samsung-PHL;;Stage 2021;;;;
A919;44.24283301;4.130617976;44271.54341;;Samsung-PHL;;Stage 2021;;;;
A92;44.250228;4.047323;;350.283447;positionement QGIS;;Stage 2009;;;;
A920;44.24258198;4.130844036;44271.55167;;Samsung-PHL;;Stage 2021;;;;
A921;44.24230697;4.131851038;44271.55998;;Samsung-PHL;;Stage 2021;;;;
A922;44.24165997;4.132824009;44271.57032;;Samsung-PHL;;Stage 2021;;;;
A923;44.24157397;4.132668022;44271.57404;;Samsung-PHL;;Stage 2021;;;;
A924;44.263684;4.129121974;44271.62589;;Samsung-PHL;;Stage 2021;;;;
A925;44.26045496;4.129323978;44271.63405;;Samsung-PHL;;Stage 2021;;;;
A926;44.26027601;4.129832005;44271.63686;;Samsung-PHL;;Stage 2021;;;;
A927;44.25633903;4.131982969;44271.64737;;Samsung-PHL;;Stage 2021;;;;
A928;44.26553397;4.130531978;44271.66615;;Samsung-PHL;;Stage 2021;;;;
A929;44.26802197;4.12923404;44271.69125;;Samsung-PHL;;Stage 2021;;;;
A930;44.26835599;4.132167036;44271.70019;;Samsung-PHL;;Stage 2021;;;;
A931;44.28362204;4.127145018;44271.72902;;Samsung-PHL;;Stage 2021;;;;
A932;44.235682;4.0605257;44272.43434;423.776154;GPS-PHL;;Stage 2021;;;;
A933;44.236385;4.061;44272.44168;409.101105;GPS-PHL;;Stage 2021;;;;
A934;44.2360927;4.0598562;44272.44645;407.013306;GPS-PHL;;Stage 2021;;;;
A935;44.235722;4.060747;44272.45027;410.826141;GPS-PHL;;Stage 2021;;;;
A936;44.235009;4.061556;44272.45774;407.690247;GPS-PHL;;Stage 2021;;;;
A937;44.23477;4.0619906;44272.4606;404.036072;GPS-PHL;;Stage 2021;;;;
A938;44.234135;4.062006;44272.46542;400.456696;GPS-PHL;;Stage 2021;;;;
A939;44.233941;4.061963;44272.4727;400.080475;GPS-PHL;;Stage 2021;;;;
A940;44.233207;4.06423;44272.49002;409.152985;GPS-PHL;;Stage 2021;;;;
A941;44.232047;4.063658;44272.49823;390.157562;GPS-PHL;;Stage 2021;;;;
A942;44.230053;4.063859;44272.50383;379.886444;GPS-PHL;;Stage 2021;;;;
A943;44.228163;4.067607;44272.51003;369.460602;GPS-PHL;;Stage 2021;;;;
A944;44.228109;4.067284;44272.51285;367.396454;GPS-PHL;;Stage 2021;;;;
A945;44.224947;4.068941;44272.53723;371.288086;GPS-PHL;;Stage 2021;;;;
A946;44.225305;4.067809;44272.55188;380.329163;GPS-PHL;;Stage 2021;;;;
A947;44.230559;4.086963;44272.56716;361.193604;GPS-PHL;;Stage 2021;;;;
A948;44.230257;4.090199;44272.57414;361.317963;GPS-PHL;;Stage 2021;;;;
A949;44.2301439;4.0896395;44272.58141;361.77887;GPS-PHL;;Stage 2021;;;;
A950;44.2301579;4.0897765;44272.58183;362.751556;GPS-PHL;;Stage 2021;;;;
A951;44.209461;4.072562;;;Samsung PHL;;Stage 2021;;;;
A952;44.20940498;4.071926968;44273.50197;101.587845;GPS-PHL;;Stage 2021;;;;
A953;44.20927598;4.072039034;44273.51804;170.751495;GPS-PHL;;Stage 2021;;;;
A954;44.20937497;4.073668979;44273.53837;206.113373;GPS-PHL;;Stage 2021;;;;
A955;44.20915402;4.073668979;44273.53997;213.587479;GPS-PHL;;Stage 2021;;;;
A956;44.20898597;4.073626986;44273.54084;225.772949;GPS-PHL;;Stage 2021;;;;
A957;44.209409;4.073752966;44273.55093;218.34903;GPS-PHL;;Stage 2021;;;;
A958;44.20870802;4.074690985;44273.57112;281.222382;GPS-PHL;;Stage 2021;;;;
A959;44.20865899;4.074614039;44273.57198;281.514771;GPS-PHL;;Stage 2021;;;;
A96;44.223644;4.057813;;;GPS-PHL;;Stage 2010;;;;
A960;44.20861398;4.074601969;44273.57296;282.195679;GPS-PHL;;Stage 2021;;;;
A961;44.257817;4.068032;;;positionement QGIS;;Stage 2006;;;;
A961b;44.256932;4.06738;44273.45303;;Samsung-PHL;;Stage 2021;;;;
A962;44.27166;4.1917;44264.78889;;positionement QGIS;;Stage 2021;;;;
A963;44.2571;4.08226;;;GPS-PHL;;Stage 2006;;;;
A97;44.223209;4.055876;;;GPS-PHL;;Stage 2010;;;;
A98;44.221484;4.054579;;;GPS-PHL;;Stage 2010;;;;
A99;44.221211;4.053066;;;GPS-PHL;;Stage 2010;;;;
